sample_id,work_id,title,publication_year,candidate_topic_id,topic_name,registry_membership,sample_group,label,annotator,notes,selection_reason
6e6ac289bec1b02d,W2321513849,A Study on the Meme Features Appear in Renewal Space -Focusing on the Renewal Project of the Zollverein Coal Mine Industrial Complex in German-,2014,T12325,Urban Design and Spatial Analysis,strict,strict,,,,deterministic_hash_within_registry_membership
203a5a659c0b230f,W2006222780,Entropy in urban and regional modelling,2021,T12325,Urban Design and Spatial Analysis,strict,strict,,,,deterministic_hash_within_registry_membership
3cec7e799b640780,W4391398500,Illustrations and Map,2014,T10757,Geographic Information Systems Studies,strict,strict,,,,deterministic_hash_within_registry_membership
14c67f33a6a692f6,W7140043429,Analysis of Icon Search Time Based on Three Probability Distribution Models,2025,T11106,Data Management and Algorithms,strict,strict,,,,deterministic_hash_within_registry_membership
27c9ebd4b1a9dfff,W3005168527,L'approccio smart outdoor per ambienti urbani sostenibili,2019,T12325,Urban Design and Spatial Analysis,strict,strict,,,,deterministic_hash_within_registry_membership
28df309e9a96078c,W3023639742,A simple method to assess and report thematic saturation in qualitative research,2020,T11911,Spatial and Panel Data Analysis,strict,strict,,,,deterministic_hash_within_registry_membership
0052aa34e3c65c19,W2140190241,Data mining: concepts and techniques,2012,T11106,Data Management and Algorithms,strict,strict,,,,deterministic_hash_within_registry_membership
82d6bb638ef5a303,W4206532480,Maps and Illustrations,2019,T13854,Historical Geography and Cartography,strict,strict,,,,deterministic_hash_within_registry_membership
99eeef619a4c91c5,W4415194646,Un modèle de transcription pour identifier et analyser les objets de référence et les relations spatiales utilisés pour se localiser en montagne,2019,T10757,Geographic Information Systems Studies,strict,strict,,,,deterministic_hash_within_registry_membership
8659ba5069e632d9,W4285056819,Application of modern methods: modeling of sedimentary soil ESP content,2019,T10770,Soil Geostatistics and Mapping,strict,strict,,,,deterministic_hash_within_registry_membership
b52b9b992a39df14,W2033977643,A Bayesian Analysis of Return Level for Extreme Precipitation in Korea,2014,T11911,Spatial and Panel Data Analysis,strict,strict,,,,deterministic_hash_within_registry_membership
d4f713ebb0b0f50c,W1975534106,Geographic Information Systems,2020,T10757,Geographic Information Systems Studies,strict,strict,,,,deterministic_hash_within_registry_membership
0405fb4bd4df8bd5,W4230946293,Appendix: An Examination of the Properties of Historical Reconstructions,2014,T12364,Archaeological Research and Protection,broad_only,broad_only,,,,deterministic_hash_within_registry_membership
16bd7ad53e7c253f,W7125653280,Calibration of low-grade inertial measurement unit sensors using real-coded genetic algorithms,2025,T10655,GNSS positioning and interference,broad_only,broad_only,,,,deterministic_hash_within_registry_membership
a3f83c09a72ead22,W1490482062,Computer graphics: principles and practice,2013,T12698,3D Modeling in Geospatial Applications,broad_only,broad_only,,,,deterministic_hash_within_registry_membership
a094fd1bf25f382f,W4391958796,Map I Southern Italy and Sicily,2014,T11211,3D Surveying and Cultural Heritage,broad_only,broad_only,,,,deterministic_hash_within_registry_membership
cd06018f8c98173d,W4250432939,Spatial Econometrics,2013,T14051,Regional Economic and Spatial Analysis,broad_only,broad_only,,,,deterministic_hash_within_registry_membership
741c5254e32d93b7,W3047788180,1. Cultural Landscapes,2019,T12364,Archaeological Research and Protection,broad_only,broad_only,,,,deterministic_hash_within_registry_membership
d4211f262bdad974,W7133483416,Integrated Production Pipeline for 2D Animation in Cultural Heritage Visualization,2025,T11211,3D Surveying and Cultural Heritage,broad_only,broad_only,,,,deterministic_hash_within_registry_membership
d34396d6d171ceb8,W1551284826,Principles of underwater sound,2011,T11698,Underwater Acoustics Research,broad_only,broad_only,,,,deterministic_hash_within_registry_membership
45884ebe23f665df,W2997989546,Accuracy Analysis of the Ground position Measurement System for Satellite Image,2019,T12983,Satellite Image Processing and Photogrammetry,broad_only,broad_only,,,,deterministic_hash_within_registry_membership
7a13dca26c4df75f,W4353056919,Dense reinforcement learning for safety validation of autonomous vehicles,2023,T10370,Traffic and Road Safety,broad_only,broad_only,,,,deterministic_hash_within_registry_membership
ad1291a81c2c0e05,W3043971245,"ORB-SLAM3: An Accurate Open-Source Library for Visual, Visual–Inertial, and Multimap SLAM",2021,T11211,3D Surveying and Cultural Heritage,broad_only,broad_only,,,,deterministic_hash_within_registry_membership
0814304f5ca53cd2,W7136058359,Chapter 6 Application of moiré deflectometry in atmosphere measurement,2025,T11312,Soil Moisture and Remote Sensing,broad_only,broad_only,,,,deterministic_hash_within_registry_membership
96c8d3413b42678d,W3209967186,"Data for Manuscript ""Broadband VHF observations of two natural positive cloud-to-ground lightning flashes""",2019,T12153,Advanced Optical Sensing Technologies,uncertain,excluded_or_uncertain_control,,,,deterministic_hash_within_registry_membership
5294f81da0469214,W2102420102,The Danish Civil Registration System,2011,T11819,Data-Driven Disease Surveillance,excluded,excluded_or_uncertain_control,,,,deterministic_hash_within_registry_membership
b7bf833a3ac983e8,W2998613481,Enhanced Risk of Traumatic Brain Injury in Patients with Chronic Obstructive Pulmonary Disease,2019,T10322,Respiratory Support and Mechanisms,excluded,excluded_or_uncertain_control,,,,deterministic_hash_within_registry_membership
5d862960e17eb665,W7117775959,Evaluating 3D Gaussian Splatting for Urban Scene Reconstruction,2025,T10719,3D Shape Modeling and Analysis,uncertain,excluded_or_uncertain_control,,,,deterministic_hash_within_registry_membership
296e518f4cee777a,W3005116230,A Survey on 5G Usage Scenarios and Traffic Models,2020,T13905,Telecommunications and Broadcasting Technologies,excluded,excluded_or_uncertain_control,,,,deterministic_hash_within_registry_membership
6eb42cbe5df481d5,W2909908358,LeGO-LOAM: Lightweight and Ground-Optimized Lidar Odometry and Mapping on Variable Terrain,2018,T12153,Advanced Optical Sensing Technologies,uncertain,excluded_or_uncertain_control,,,,deterministic_hash_within_registry_membership
1f1122e909b64d46,W3048734553,"5. Canopy Conditions, Biota, and Processes",2019,T12073,Isotope Analysis in Ecology,excluded,excluded_or_uncertain_control,,,,deterministic_hash_within_registry_membership
1568584f19d8fddd,W2580520152,"The urban sustainable development goal: Indicators, complexity and the politics of measuring cities",2017,T13920,Urban Planning and Valuation,uncertain,excluded_or_uncertain_control,,,,deterministic_hash_within_registry_membership
80aab8f8d76df39a,W2192039719,TianQin: a space-borne gravitational wave detector,2016,T12004,Advanced Frequency and Time Standards,uncertain,excluded_or_uncertain_control,,,,deterministic_hash_within_registry_membership
09e1f7ac924878fd,W7117887755,Dynamical Clock Geometry Backgrounds in RealClock Quantum Mechanics: A Plausible Cosmological State Beyond the Vacuum,2025,T12004,Advanced Frequency and Time Standards,uncertain,excluded_or_uncertain_control,,,,deterministic_hash_within_registry_membership
9b97d6fbdb55acff,W2952615074,UpSetR: an R package for the visualization of intersecting sets and their properties,2017,T12536,Topological and Geometric Data Analysis,uncertain,excluded_or_uncertain_control,,,,deterministic_hash_within_registry_membership
a782bb3d0ff6cfca,W4285753978,Illustrations and Tables,2019,T12259,Environmental Justice and Health Disparities,excluded,excluded_or_uncertain_control,,,,deterministic_hash_within_registry_membership
